FID,DATE,DAY,TIME,PRECINCT,REPORT_NO,ADDRESS,CITY,STATE,X,Y,Location_1
1,05/16/2015 12:00:00 AM,SAT,9:00:00 PM,8,1505160353,224XX SANTA MARIA,DETROIT,MI,-83.262884,42.416376,
2,07/04/2015 12:00:00 AM,SAT,9:00:00 PM,2,1507040318,74XX WYKES,DETROIT,MI,-83.141746,42.347843,
3,12/03/2105 12:00:00 AM,THUR,8:00:00 AM,8,1512020072, VASSAR AND FERGUSON,DETROIT,MI,-83.210778,42.433874,
4,12/23/2015 12:00:00 AM,WED,8:00:00 AM,8,1512230072,191XX ARCHDALE,DETROIT,MI,-83.217157,42.430505,
5,03/14/2015 12:00:00 AM,SAT,5:00:00 PM,5,1503140259,46XX COURVILLE,DETROIT,MI,-82.936849,42.399587,
6,12/03/2015 12:00:00 AM,THUR,8:00:00 AM,12,1512030122,201XX PICADILLY,DETROIT,MI,-83.137471,42.441911,
7,05/01/2015 12:00:00 AM,FRI,5:00:00 PM,4,1505010266,48XX CHOPIN,DETROIT,MI,-83.134028,42.332045,
8,08/29/2015 12:00:00 AM,SAT,8:00:00 AM,12,1508290082,4XX WINCHESTER,DETROIT,MI,-83.10799,42.443934,
9,07/14/2015 12:00:00 AM,TUE,5:00:00 PM,2,1507140312,81XX NORTHLAWN,DETROIT,MI,-83.151656,42.353541,
10,06/12/2015 12:00:00 AM,FRI,7:00:00 PM,6,1506120333,142XX CRESCENT,DETROIT,MI,-83.238939,42.390391,
11,12/15/2015 12:00:00 AM,TUE,5:00:00 PM,6,1512150321,93XX PENROD,DETROIT,MI,-83.2203,42.363349,
12,11/26/2015 12:00:00 AM,THUR,7:00:00 AM,10,1511260076, LIVERNOIS AND FULLERTON,DETROIT,MI,-83.139401,42.381202,
13,08/16/2015 12:00:00 AM,SUN,5:00:00 PM,9,1508160263,CADIEUX AND WB I-94 SERVICE DRIVE,DETROIT,MI,-83.047997,42.331681,
14,08/28/2015 12:00:00 AM,FRI,6:00:00 PM,5,1508280302,52XX MARLBOROUGH,DETROIT,MI,-82.958785,42.397773,
15,05/10/2015 12:00:00 AM,SUN,4:00:00 PM,6,1505100199, DAVISON AND GREENVIEW,DETROIT,MI,-83.223417,42.384253,
16,09/26/2015 12:00:00 AM,SAT,6:00:00 AM,5,1509260065,88XX UNIVERSITY,DETROIT,MI,-82.93073,42.420333,
17,01/26/2015 12:00:00 AM,MON,4:00:00 PM,2,1501260241, JOY AND BIRWOOD,DETROIT,MI,-83.163137,42.358754,
18,09/11/2015 12:00:00 AM,FRI,5:00:00 PM,7,1509110271, FRANKLIN AND  JOSEPH CAMPAU,DETROIT,MI,-83.018868,42.338162,
19,04/19/2015 12:00:00 AM,SUN,4:00:00 PM,6,1504190193, LONGACRE AND WADSWORTH,DETROIT,MI,-83.214529,42.374471,
20,05/17/2015 12:00:00 AM,SUN,5:00:00 AM,5,1505170078, E. WARREN AND  PHILLIP,DETROIT,MI,-82.956919,42.396143,
21,12/01/2015 12:00:00 AM,TUE,4:00:00 PM,9,1512010300,130XX HAYES,DETROIT,MI,-82.965257,42.426507,
22,11/25/2015 12:00:00 AM,WED,5:00:00 AM,7,1511250037, ST. AUBIN AND LARNED,DETROIT,MI,-83.028478,42.33682,
23,12/01/2015 12:00:00 AM,TUE,4:00:00 PM,9,1512010300,130XX HAYES,DETROIT,MI,-82.965257,42.426507,
24,06/13/2015 12:00:00 AM,SAT,4:00:00 AM,6,1506130059,63XX LONGACRE,DETROIT,MI,-83.213225,42.336663,
25,06/16/2015 12:00:00 AM,TUE,4:00:00 PM,2,1506160305,150XX PINEHURST,DETROIT,MI,-83.166012,42.400296,
26,12/29/2015 12:00:00 AM,TUE,3:00:00 PM,3,1512290194, EUCLID AND BEAUBIEN,DETROIT,MI,-83.072111,42.379333,
27,10/13/2015 12:00:00 AM,TUE,4:00:00 PM,2,1510130307,154XX HUBBELL,DETROIT,MI,-83.188935,42.403705,
28,08/26/2015 12:00:00 AM,WED,3:00:00 PM,10,1508260249, W GRAND BLVD AND ROSA PARKS,DETROIT,MI,-83.091087,42.363723,
29,07/02/2015 12:00:00 AM,THUR,4:00:00 PM,6,1507020255,93XX PIERSON,DETROIT,MI,-83.244648,42.363367,
30,09/12/2015 12:00:00 AM,SAT,3:00:00 PM,6,1509120158,93XX ABINGTON,DETROIT,MI,-83.21051,42.363561,
31,09/05/2015 12:00:00 AM,SAT,3:00:00 PM,2,1509050218, CHALFONTE AND SORRENTO,DETROIT,MI,-83.17237,42.399992,
32,09/26/2015 12:00:00 AM,SAT,3:00:00 AM,12,1509260054, CHALFONTE AND  CHERRYLAWN,DETROIT,MI,-83.154679,42.400284,
33,09/06/2015 12:00:00 AM,SUN,3:00:00 PM,4,1509060211, WOODMERE AND WENDELL,DETROIT,MI,-83.133927,42.313943,
34,08/29/2015 12:00:00 AM,SAT,3:00:00 AM,12,1508290048,205XX GARDENDALE,DETROIT,MI,-83.138829,42.44505,
35,11/30/2015 12:00:00 AM,MON,3:00:00 PM,6,1511399228,116XX HEYDEN,DETROIT,MI,-83.238737,42.372401,
36,09/26/2015 12:00:00 AM,SAT,2:00:00 AM,9,1509260042,110XX KENNEBEC,DETROIT,MI,-83.009578,42.416896,
37,08/20/2015 12:00:00 AM,THUR,3:00:00 PM,9,1508200248,121XX ELMDALE,DETROIT,MI,-82.985956,42.404081,
38,08/27/2015 12:00:00 AM,THUR,2:00:00 AM,11,1508270038,199XX HELEN,DETROIT,MI,-83.031824,42.441906,
39,10/04/2015 12:00:00 AM,SUN,3:00:00 PM,3,1510040185,16XX HOLDEN,DETROIT,MI,-83.086608,42.363378,
40,08/27/2015 12:00:00 AM,THUR,2:00:00 AM,2,1508270025,89XX COYLE,DETROIT,MI,-83.192802,42.359792,
41,04/04/2015 12:00:00 AM,SAT,3:00:00 PM,5,1504040235,42XX BEDFORD,DETROIT,MI,-82.937279,42.396353,
42,11/05/2015 12:00:00 AM,THUR,12:00:00 PM,12,1511050320,201XX MEYERS,DETROIT,MI,-83.171096,42.440929,
43,02/07/2015 12:00:00 AM,SAT,3:00:00 PM,9,1502070198,7 MILE AND KELLY E.,DETROIT,MI,-83.047997,42.331681,
44,12/23/2015 12:00:00 AM,WED,12:00:00 PM,2,1512230170,80XX WHITCOMB,DETROIT,MI,-83.194439,42.35197,
45,06/16/2015 12:00:00 AM,TUE,3:00:00 PM,10,1506160265,73XX GRAND RIVER,DETROIT,MI,-83.109709,42.356896,
46,12/04/2015 12:00:00 AM,FRI,12:00:00 AM,10,1512040027,22XX TAYLOR,DETROIT,MI,-83.10298,42.374129,
47,02/11/2015 12:00:00 AM,WED,3:00:00 PM,7,1410100158,88XX MACK,DETROIT,MI,-82.997874,42.370275,
48,07/05/2015 12:00:00 AM,SUN,12:00:00 AM,7,1507050013,81XX HENDRIE,DETROIT,MI,-83.015966,42.382948,
49,04/17/2015 12:00:00 AM,FRI,2:00:00 PM,3,1504170033, LINWOOD AND HOOKER,DETROIT,MI,-83.09672,42.356682,
50,08/27/2015 12:00:00 AM,THUR,11:00:00 PM,8,1508280002,157XX LAMPHERE,DETROIT,MI,-83.261849,42.404296,
51,12/16/2015 12:00:00 AM,WED,2:00:00 PM,7,1511020340, MILLER AND BALDWIN,DETROIT,MI,-83.023079,42.390453,
52,07/04/2015 12:00:00 AM,SAT,11:00:00 PM,8,1507040334,177XX TELEGRAPH,DETROIT,MI,-83.277672,42.420897,
53,02/01/2015 12:00:00 AM,SUN,2:00:00 PM,8,1502010148,158XX MANSFIELD,DETROIT,MI,-83.205343,42.40728,
54,12/28/2015 12:00:00 AM,MON,11:00:00 PM,6,1512280335,217XX SCHOOLCRAFT,DETROIT,MI,-83.25569,42.385957,
55,08/03/2015 12:00:00 AM,MON,2:00:00 PM,9,1508030243,160XX EASTWOOD,DETROIT,MI,-82.954539,42.43394,
56,11/12/2015 12:00:00 AM,THUR,11:00:00 AM,2,1511120141,93XX HARTWELL,DETROIT,MI,-83.176475,42.364436,
57,01/07/2015 12:00:00 AM,WED,2:00:00 PM,6,1501070215,198XX JOY,DETROIT,MI,-83.235025,42.357621,
58,05/31/2015 12:00:00 AM,SUN,10:00:00 PM,6,1506080213,75XX MANSFIELD,DETROIT,MI,-83.202547,42.347154,
59,01/01/2015 12:00:00 AM,THUR,2:00:00 PM,5,1501010175,50XX COPLIN,DETROIT,MI,-82.964353,42.393853,
60,03/24/2015 12:00:00 AM,TUE,10:00:00 AM,7,1503240137,8XX ST. AUBIN,DETROIT,MI,-83.029445,42.338694,
61,07/29/2015 12:00:00 AM,WED,2:00:00 PM,6,1507290234,78XX N SOUTHFIELD,DETROIT,MI,-83.215883,42.350349,
62,11/01/2014 12:00:00 AM,SAT,1:00:00 AM,2,1411010029, WASHBURN AND EATON,DETROIT,MI,-83.160489,42.39795,
63,06/10/2015 12:00:00 AM,WED,1:00:00 AM,6,1506100024,156XX JOY,DETROIT,MI,-83.198357,42.358164,
64,04/24/2015 12:00:00 AM,FRI,2:00:00 PM,7,1504240229,88XX EDGEWOOD,DETROIT,MI,-83.014938,42.397706,
65,03/15/2015 12:00:00 AM,SUN,1:00:00 PM,12,1503150189, DERBY AND WINCHESTER,DETROIT,MI,-83.103947,42.444524,
66,12/16/2014 12:00:00 AM,TUE,1:00:00 AM,7,1412160020,25XX PARKER,DETROIT,MI,-83.000752,42.361383,
67,05/01/2015 12:00:00 AM,FRI,1:00:00 PM,9,1505010195, HOUSTON WHITTIER AND HAYES,DETROIT,MI,-82.965001,42.420774,
68,01/01/2015 12:00:00 AM,THUR,1:00:00 AM,5,1501010021,45XX WOODHALL,DETROIT,MI,-82.924031,42.404262,
69,01/27/2015 12:00:00 AM,TUE,1:00:00 PM,2,1501270182, PLYMOUTH AND INDIANA,DETROIT,MI,-83.156397,42.373541,
70,08/23/2015 12:00:00 AM,SUN,11:00:00 PM,9,1508230313, CAMDEN AND DICKERSON,DETROIT,MI,-82.974478,42.404323,
71,01/17/2015 12:00:00 AM,SAT,1:00:00 PM,10,1501170154,12XX BURLINGAME,DETROIT,MI,-83.09852,42.388258,
72,09/05/2015 12:00:00 AM,SAT,11:00:00 PM,7,1509050356, ERSKINE AND BRUSH,DETROIT,MI,-83.052378,42.347453,
73,06/03/2015 12:00:00 AM,WED,1:00:00 PM,6,1506030225,161XX SCHOOLCRAFT,DETROIT,MI,-83.204754,42.386903,
74,12/12/2015 12:00:00 AM,SAT,11:00:00 PM,8,1512120387, FENKELL AND BURGESS,DETROIT,MI,-83.25434,42.40035,
75,08/17/2015 12:00:00 AM,MON,11:00:00 PM,9,1508180006, LONGVIEW AND GUNSTON,DETROIT,MI,-82.991009,42.403472,
76,12/19/2015 12:00:00 AM,SAT,1:00:00 PM,8,1512190185,202XX BENTLER,DETROIT,MI,-83.253827,42.440642,
77,09/29/2015 12:00:00 AM,TUE,11:00:00 PM,9,1509300007, PEORIA AND ROCHELLE,DETROIT,MI,-82.97698,42.423033,
78,08/20/2015 12:00:00 AM,THUR,1:00:00 PM,6,1508200215,88XX MANSFIELD,DETROIT,MI,-83.203123,42.358397,
79,02/24/2015 12:00:00 AM,TUE,11:00:00 PM,9,1502240311,102XX GREENSBORO,DETROIT,MI,-82.954404,42.413689,
80,11/16/2015 12:00:00 AM,TUE,12:00:00 PM,3,1511160199,1XX BLAINE,DETROIT,MI,-83.081345,42.378934,
81,09/02/2015 12:00:00 AM,TUE,11:00:00 PM,6,1509020005,120XX MONTROSE,DETROIT,MI,-83.199979,42.375808,
82,05/02/2015 12:00:00 AM,SAT,12:00:00 PM,9,1505020137,143XX MADDELEIN,DETROIT,MI,-82.975539,42.436022,
83,06/17/2015 12:00:00 AM,WED,11:00:00 PM,8,1506180004,143XX PREVOST,DETROIT,MI,-83.202599,42.392938,
84,08/23/2015 12:00:00 AM,SUN,11:00:00 PM,9,1508240013,146XX BRINGARD,DETROIT,MI,-82.97309,42.446166,
85,05/25/2015 12:00:00 AM,MON,12:00:00 PM,9,1505250174,189XX SCHOENHERR,DETROIT,MI,-82.985018,42.433496,
86,03/25/2015 12:00:00 AM,WED,11:00:00 PM,2,1503250360,157XX ARDMORE,DETROIT,MI,-83.184655,42.406611,
87,03/15/2015 12:00:00 AM,SUN,12:00:00 PM,11,1503150164,193XX OMIRA,DETROIT,MI,-83.096053,42.435295,
88,03/31/2015 12:00:00 AM,TUE,11:00:00 PM,12,1503310414,159XX WOODINGHAM,DETROIT,MI,-83.149638,42.408452,
89,12/22/2015 12:00:00 AM,TUE,12:00:00 PM,11,1512220137,196XX CAMERON,DETROIT,MI,-83.093812,42.437613,
90,09/05/2015 12:00:00 AM,SAT,11:00:00 PM,12,1509050049,161XX STEEL,DETROIT,MI,-83.171898,42.410128,
91,06/28/2015 12:00:00 AM,SUN,12:00:00 PM,7,1506280102,40XX SEYBURN,DETROIT,MI,-83.010253,42.370561,
92,01/29/2015 12:00:00 AM,THUR,11:00:00 PM,12,1501300001,162XX LIVERNOIS,DETROIT,MI,-83.140728,42.411528,
93,10/20/2015 12:00:00 AM,TUE,11:00:00 AM,4,1510200161, LANSING AND TOLEDO,DETROIT,MI,-83.10055,42.322353,
94,04/07/2015 12:00:00 AM,MON,11:00:00 PM,12,1504070002,162XX LILAC,DETROIT,MI,-83.146874,42.411151,
95,10/12/2015 12:00:00 AM,MON,11:00:00 AM,12,1510120117, MEYERS AND MARGARETA,DETROIT,MI,-83.17055,42.427634,
96,03/16/2015 12:00:00 AM,MON,11:00:00 PM,6,1503170032,187XX W. WARREN,DETROIT,MI,-83.22407,42.343285,
97,12/08/2015 12:00:00 AM,TUE,11:00:00 AM,2,1512080151,103XX WYOMING,DETROIT,MI,-83.158393,42.370819,
98,09/24/2015 12:00:00 AM,THUR,11:00:00 AM,9,1509240149,154XX GRATIOT,DETROIT,MI,-82.968401,42.449087,
99,06/26/2015 12:00:00 AM,FRI,11:00:00 PM,4,1506260384,19XX HUBBARD,DETROIT,MI,-83.092103,42.322032,
100,05/05/2015 12:00:00 AM,TUE,11:00:00 AM,5,1505060007,173XX E. WARREN,DETROIT,MI,-82.926586,42.407229,
101,06/26/2015 12:00:00 AM,FRI,11:00:00 PM,4,1506260384,19XX HUBBARD,DETROIT,MI,-83.092103,42.322032,
102,03/19/2015 12:00:00 AM,THUR,11:00:00 AM,11,1503190131,202XX YACAMA,DETROIT,MI,-83.097269,42.443254,
103,06/26/2015 12:00:00 AM,FRI,11:00:00 PM,4,1506260384,19XX HUBBARD,DETROIT,MI,-83.092103,42.322032,
104,03/06/2015 12:00:00 AM,FRI,11:00:00 PM,6,1503060365,225XX PLYMOUTH,DETROIT,MI,-83.262391,42.371613,
105,10/21/2015 12:00:00 AM,WED,10:00:00 AM,4,1404280060, JOHN KRONK AND CENTRAL,DETROIT,MI,-83.131638,42.322813,
106,06/21/2015 12:00:00 AM,SUN,11:00:00 PM,1,1506220005,4XX MONROE,DETROIT,MI,-83.043215,42.334644,
107,03/29/2015 12:00:00 AM,SUN,11:00:00 PM,10,1503300016,81XX CHALFONTE,DETROIT,MI,-83.150399,42.400328,
108,04/03/2015 12:00:00 AM,FRI,10:00:00 AM,3,1504030109, WOODWARD AND  PHILADELPHIA,DETROIT,MI,-83.078457,42.378,
109,10/27/2015 12:00:00 AM,TUE,10:00:00 AM,6,1510270126,113XX ASBURY PARK,DETROIT,MI,-83.207168,42.370448,
110,12/16/2015 12:00:00 AM,WED,11:00:00 PM,3,1512170002,XX KENILWORTH,DETROIT,MI,-83.081268,42.384916,
111,10/16/2015 12:00:00 AM,FRI,10:00:00 AM,4,1510160106,20XX MORRELL,DETROIT,MI,-83.101231,42.319176,
112,07/18/2015 12:00:00 AM,SAT,10:00:00 PM,10,1507180334, DEXTER AND BOSTON,DETROIT,MI,-83.120819,42.374891,
113,07/14/2015 12:00:00 AM,TUE,10:00:00 AM,3,1507140147,25XX MCGRAW,DETROIT,MI,-83.095464,42.356446,
114,06/20/2015 12:00:00 AM,SAT,10:00:00 PM,10,1506200292, DEXTER AND WEBB,DETROIT,MI,-83.124061,42.379643,
115,09/24/2015 12:00:00 AM,TUE,10:00:00 AM,4,1508100169,59XX MICHIGAN,DETROIT,MI,-83.115899,42.331142,
116,09/05/2015 12:00:00 AM,SAT,10:00:00 PM,2,1509050347, GREENFIELD AND  JEFFRIES SERVICE DRIVE,DETROIT,MI,-83.047997,42.331681,
117,10/13/2015 12:00:00 AM,TUE,10:00:00 AM,6,1504070325,65XX GREENFILED,DETROIT,MI,-83.196236,42.339256,
118,03/29/2015 12:00:00 AM,SUN,10:00:00 PM,9,1503290303, GREINER AND DRESDEN,DETROIT,MI,-82.999441,42.427342,
119,03/24/2015 12:00:00 AM,TUE,10:00:00 AM,7,1503240137,8XX ST. AUBIN,DETROIT,MI,-83.029445,42.338694,
120,05/17/2015 12:00:00 AM,SUN,10:00:00 PM,6,1505170329, HEYDEN AND DOVER,DETROIT,MI,-83.23838,42.359303,
121,07/12/2005 12:00:00 AM,SUN,10:00:00 AM,3,1507120044,83XX THIRD,DETROIT,MI,-83.083584,42.374412,
122,04/29/2015 12:00:00 AM,WED,10:00:00 PM,4,1504290341, LARKINS AND KIRKWOOD,DETROIT,MI,-83.138178,42.341413,
123,12/08/2015 12:00:00 AM,TUE,10:00:00 AM,2,1512080112,97XX WYOMING,DETROIT,MI,-83.158239,42.36789,
124,07/27/2015 12:00:00 AM,MON,10:00:00 PM,10,1507270432, SCHOOLCRAFT AND WYOMING,DETROIT,MI,-83.159081,42.388513,
125,04/03/2015 12:00:00 AM,FRI,9:00:00 AM,6,1504030112, WESTBROOK AND  KENDALL,DETROIT,MI,-83.250138,42.388411,
126,12/13/2015 12:00:00 AM,SUN,10:00:00 PM,12,1512130364, W. OUTER DR. AND CLARITA,DETROIT,MI,-83.17563,42.429361,
127,10/05/2015 12:00:00 AM,MON,9:00:00 AM,11,1510050105,1XX E. ARIZONA,DETROIT,MI,-83.099157,42.419449,
128,01/17/2015 12:00:00 AM,SAT,10:00:00 PM,2,1501170289,100XX PLYMOUTH,DETROIT,MI,-83.158672,42.373517,
129,05/21/2015 12:00:00 AM,THUR,9:00:00 AM,10,1505210115,63XX 30TH,DETROIT,MI,-83.116429,42.350134,
130,05/23/2015 12:00:00 AM,SAT,10:00:00 PM,9,1505230322,113XX E. MCNICHOLS,DETROIT,MI,-83.008819,42.419862,
131,01/12/2015 12:00:00 AM,MON,9:00:00 AM,6,1501120096,69XX FAUST,DETROIT,MI,-83.220732,42.341169,
132,06/08/2015 12:00:00 AM,MON,10:00:00 PM,12,1506080408,165XX SNOWDEN,DETROIT,MI,-83.17745,42.411909,
133,11/13/2015 12:00:00 AM,FRI,8:00:00 AM,5,1511130083, CADIEUX AND CHANDLER PARK,DETROIT,MI,-82.933098,42.411103,
134,02/26/2015 12:00:00 AM,THUR,10:00:00 PM,9,1502260314,165XX TACOMA,DETROIT,MI,-82.949114,42.441982,
135,06/21/2015 12:00:00 AM,SUN,10:00:00 PM,12,1506220009,168XX LILAC,DETROIT,MI,-83.147048,42.415492,
136,12/17/2015 12:00:00 AM,THUR,8:00:00 AM,2,1512170085, INTERVALE AND MEYERS,DETROIT,MI,-83.16885,42.391423,
137,12/15/2015 12:00:00 AM,TUE,8:00:00 AM,4,1512150072,27XX DEACON,DETROIT,MI,-83.047997,42.331681,
138,12/21/2015 12:00:00 AM,MON,10:00:00 PM,8,1512210314,168XX WARWICK,DETROIT,MI,-83.229198,42.414201,
139,02/06/2015 12:00:00 AM,FRI,8:00:00 AM,11,1502060079,50XX SOBIESKI,DETROIT,MI,-83.051665,42.410209,
140,04/24/2015 12:00:00 AM,FRI,10:00:00 PM,12,1504240383,172XX APPOLINE,DETROIT,MI,-83.171194,42.417705,
141,04/21/2015 12:00:00 AM,TUE,8:00:00 AM,3,1504210070,75XX MELROSE,DETROIT,MI,-83.064549,42.375903,
142,04/13/2015 12:00:00 AM,MON,10:00:00 PM,8,1504130444,173XX COOLEY,DETROIT,MI,-83.261453,42.416922,
143,05/15/2015 12:00:00 AM,FRI,7:00:00 AM,3,1505150070, MCGRAW AND WABASH,DETROIT,MI,-83.090347,42.358462,
144,06/18/2015 12:00:00 AM,THUR,6:00:00 AM,2,1506180060, STRATHMOOR AND CHALFONTE,DETROIT,MI,-83.187657,42.399664,
145,12/10/2015 12:00:00 AM,THUR,10:00:00 PM,11,1512100041,174XX FLEMING,DETROIT,MI,-83.079252,42.421171,
146,08/08/2015 12:00:00 AM,SAT,6:00:00 AM,12,1508080080, WOODWARD AND DAKOTA,DETROIT,MI,-83.1059,42.418711,
147,10/21/2015 12:00:00 AM,WED,10:00:00 PM,9,1510210406,191XX WESTPHALIA,DETROIT,MI,-82.992445,42.435303,
148,12/20/2014 12:00:00 AM,SAT,6:00:00 AM,9,1412200262,138XX MANNING,DETROIT,MI,-82.981696,42.440728,
149,09/09/2015 12:00:00 AM,WED,6:00:00 AM,12,1509090366,162XX GRIGGS,DETROIT,MI,-83.163329,42.411217,
150,02/13/2015 12:00:00 AM,FRI,6:00:00 AM,9,1502130044,180XX TEPPERT,DETROIT,MI,-83.008099,42.427572,
151,11/17/2014 12:00:00 AM,MON,6:00:00 AM,4,1411170051,41XX CICOTTE,DETROIT,MI,-83.122998,42.33022,
152,01/17/2015 12:00:00 AM,SAT,5:00:00 AM,9,1501170045,137XX LINNHURST,DETROIT,MI,-82.983726,42.431325,
153,07/19/2015 12:00:00 AM,SUN,5:00:00 AM,3,1507190052,30XX WILLIAMS,DETROIT,MI,-83.08947,42.333391,
154,12/18/2015 12:00:00 AM,FRI,5:00:00 AM,7,1512180052,36XX MEDBURY,DETROIT,MI,-83.034537,42.377016,
155,03/12/2015 12:00:00 AM,THUR,5:00:00 AM,6,1503120142,92XX PATTON,DETROIT,MI,-83.242136,42.361778,
156,08/16/2015 12:00:00 AM,SUN,5:00:00 AM,6,1508160075,93XX STOUT,DETROIT,MI,-83.239574,42.363051,
157,04/29/2015 12:00:00 AM,WED,4:00:00 AM,8,1504290049, CLARITA AND RIVERVIEW,DETROIT,MI,-83.275309,42.426633,
158,07/01/2015 12:00:00 AM,WED,4:00:00 AM,10,1507010377, FENKELL AND TULLER,DETROIT,MI,-83.147217,42.402613,
159,12/11/2015 12:00:00 AM,FRI,4:00:00 AM,9,1512110059,120XX NASHVILLE,DETROIT,MI,-82.997413,42.418316,
160,08/22/2015 12:00:00 AM,SAT,4:00:00 AM,6,1508220042,128XX METTETAL,DETROIT,MI,-83.206401,42.382389,
161,09/03/2015 12:00:00 AM,THUR,4:00:00 AM,7,1509030058,38XX HOLCOMB,DETROIT,MI,-82.996485,42.371838,
162,09/06/2015 12:00:00 AM,SAT,4:00:00 AM,7,1509060066,48XX MELDRUM,DETROIT,MI,-83.026321,42.370248,
163,09/06/2015 12:00:00 AM,SAT,4:00:00 AM,7,1509060066,48XX MELDRUM,DETROIT,MI,-83.026321,42.370248,
164,07/06/2015 12:00:00 AM,MON,10:00:00 PM,11,1507060366,197XX VAN DYKE,DETROIT,MI,-83.024462,42.439962,
165,10/25/2015 12:00:00 AM,SUN,4:00:00 AM,7,1510250066,59XX MAXWELL,DETROIT,MI,-83.015873,42.384053,
166,05/14/2015 12:00:00 AM,THUR,10:00:00 PM,11,1505140377,199XX GALLAGHER,DETROIT,MI,-83.070631,42.441182,
167,01/18/2015 12:00:00 AM,SUN,10:00:00 PM,3,1501180285,20XX SELDEN,DETROIT,MI,-83.080224,42.342897,
168,01/15/2015 12:00:00 AM,THUR,4:00:00 AM,11,1501150029,61XX CASMERE,DETROIT,MI,-83.039922,42.408541,
169,06/06/2015 12:00:00 AM,SAT,10:00:00 PM,8,1506060331,222XX GRAND RIVER,DETROIT,MI,-83.260058,42.417519,
170,09/07/2015 12:00:00 AM,MON,4:00:00 AM,9,1509070051,127XX E. 7 MILE,DETROIT,MI,-82.994727,42.434752,
171,08/08/2015 12:00:00 AM,SAT,10:00:00 PM,5,1508080385,48XX AUDUBON,DETROIT,MI,-82.936698,42.401563,
172,06/22/2015 12:00:00 AM,MON,10:00:00 PM,7,1506220366,5XX CHENE,DETROIT,MI,-83.023923,42.339861,
173,03/01/2015 12:00:00 AM,SUN,4:00:00 AM,9,1503010058,98XX CHALMERS,DETROIT,MI,-82.969005,42.411731,
174,12/19/2015 12:00:00 AM,SAT,3:00:00 AM,6,1512190064, BLACKSTONE AND W DAVISON,DETROIT,MI,-83.248668,42.383722,
175,06/08/2015 12:00:00 AM,MON,10:00:00 PM,4,1506080412,5XX W. GRAND BLVD,DETROIT,MI,-83.089735,42.323528,
176,12/19/2015 12:00:00 AM,SAT,3:00:00 AM,6,1512190064, BLACKSTONE AND W DAVISON,DETROIT,MI,-83.248668,42.383722,
177,11/04/2015 12:00:00 AM,WED,10:00:00 PM,9,1511050192,NORCROSS AND W.B. I-94,DETROIT,MI,-83.047997,42.331681,
178,06/30/2015 12:00:00 AM,TUE,3:00:00 AM,6,1506300035, JOY AND ARTESIAN,DETROIT,MI,-83.226167,42.357722,
179,05/21/2015 12:00:00 AM,THUR,9:55:00 PM,12,1505210392,175XX PREST,DETROIT,MI,-83.198314,42.42006,
180,09/19/2015 12:00:00 AM,SAT,3:00:00 AM,8,1509190050, PREVOST AND KEELER,DETROIT,MI,-83.20298,42.403211,
181,07/27/2015 12:00:00 AM,MON,3:00:00 AM,7,1507270062, WOODLAWN AND ERWIN,DETROIT,MI,-83.017548,42.399203,
182,10/21/2015 12:00:00 AM,WED,9:00:00 PM,8,1510210398, GRAND RIVER AND BURT,DETROIT,MI,-83.247618,42.412502,
183,11/22/2015 12:00:00 AM,SUN,3:00:00 AM,2,1511220043,104XX JOY,DETROIT,MI,-83.163506,42.358715,
184,08/09/2015 12:00:00 AM,SUN,9:00:00 PM,12,1508090309, W. MCNICHOLS AND PARKSIDE,DETROIT,MI,-83.131607,42.417294,
185,03/10/2015 12:00:00 AM,TUE,3:00:00 AM,9,1503100045,111XX BEACONSFIELD,DETROIT,MI,-82.947273,42.422265,
186,03/17/2015 12:00:00 AM,TUE,9:00:00 PM,9,1503170400,108XX BONITA,DETROIT,MI,-82.963673,42.415376,
187,09/10/2015 12:00:00 AM,THUR,3:00:00 AM,9,1509100033,117XX CHALMERS,DETROIT,MI,-82.974418,42.420194,
188,01/25/2015 12:00:00 AM,SUN,9:00:00 PM,2,1501250248,120XX COYLE,DETROIT,MI,-83.193286,42.375899,
189,10/05/2015 12:00:00 AM,MON,3:00:00 AM,12,1510050043,162XX STEEL,DETROIT,MI,-83.171911,42.410402,
190,01/25/2015 12:00:00 AM,SUN,9:00:00 PM,2,1501250248,120XX COYLE,DETROIT,MI,-83.193286,42.375899,
191,06/27/2015 12:00:00 AM,SAT,3:00:00 AM,9,1506270048,193XX WESTPHALIA,DETROIT,MI,-82.992418,42.436989,
192,12/24/2015 12:00:00 AM,THUR,9:00:00 PM,9,1512240307,149XX GRATIOT,DETROIT,MI,-82.972014,42.443755,
193,05/25/2015 12:00:00 AM,MON,3:00:00 AM,7,1505250043,21XX GRATIOT,DETROIT,MI,-83.033751,42.350035,
194,10/04/2015 12:00:00 AM,SUN,9:00:00 PM,8,1510040290,174XX WINSTON,DETROIT,MI,-83.283817,42.41856,
195,01/01/2015 12:00:00 AM,THUR,3:00:00 AM,7,1501250170,57XX CHENE,DETROIT,MI,-83.044286,42.37107,
196,04/16/2015 12:00:00 AM,THUR,9:00:00 PM,11,1504160394,181XX FLEMING,DETROIT,MI,-83.079046,42.426568,
197,05/08/2015 12:00:00 AM,FRI,3:00:00 AM,6,1505080045,63XX WESTWOOD,DETROIT,MI,-83.230167,42.33609,
198,06/28/2015 12:00:00 AM,SUN,9:00:00 PM,8,1506280268,181XX HEYDEN,DETROIT,MI,-83.240447,42.422562,
199,12/17/2015 12:00:00 AM,THUR,9:00:00 PM,8,1512170377,189XX FERGUSON,DETROIT,MI,-83.210563,42.428816,
200,10/07/2015 12:00:00 AM,WED,9:00:00 PM,9,1510070413,193XX WALTHAM,DETROIT,MI,-82.994967,42.436764,
201,10/08/2015 12:00:00 AM,THUR,9:00:00 PM,8,1510080349,194XX HUNTINGTON,DETROIT,MI,-83.233527,42.433537,
202,03/16/2015 12:00:00 AM,MON,9:00:00 PM,3,1503160408,33XX LAWTON,DETROIT,MI,-83.087779,42.335594,
203,02/28/2015 12:00:00 AM,SAT,9:00:00 PM,5,1502280276,48XX NOTTINGHAM,DETROIT,MI,-82.948132,42.398004,
204,03/10/2015 12:00:00 AM,TUE,9:00:00 PM,10,1503100282,64XX BEECHWOOD,DETROIT,MI,-83.119047,42.350806,
205,10/28/2015 12:00:00 AM,WED,9:00:00 PM,11,1510280347,8XX E. 7 MILE,DETROIT,MI,-83.095844,42.43242,
206,07/11/2015 12:00:00 AM,SAT,8:00:00 PM,2,1507110295, FENKELL AND ROBSON,DETROIT,MI,-83.192599,42.401714,
207,07/11/2015 12:00:00 AM,SAT,8:00:00 PM,2,1507110295, FENKELL AND ROBSON,DETROIT,MI,-83.192599,42.401714,
208,12/18/2015 12:00:00 AM,FRI,8:00:00 PM,5,1512180365, MARBOROUGH AND WAVENEY,DETROIT,MI,-82.954488,42.390683,
209,02/22/2015 12:00:00 AM,SUN,3:00:00 AM,9,1502220045,91XX PHILLIP,DETROIT,MI,-82.963281,42.406721,
210,10/20/2015 12:00:00 AM,TUE,8:00:00 PM,12,1510200371, MARGARETA AND INDIANA,DETROIT,MI,-83.158638,42.427793,
211,02/22/2015 12:00:00 AM,SUN,2:00:00 AM,9,1502220032, MAYFIELD AND QUEEN,DETROIT,MI,-82.967521,42.422364,
212,06/28/2015 12:00:00 AM,SUN,8:00:00 PM,2,1506280230,128XX COYLE,DETROIT,MI,-83.193505,42.382409,
213,11/09/2015 12:00:00 AM,MON,2:00:00 AM,9,1511090028,114XX SOMERSET,DETROIT,MI,-82.94176,42.426065,
214,05/26/2015 12:00:00 AM,TUE,2:00:00 AM,2,1505260040,116XX SCHAEFER,DETROIT,MI,-83.17803,42.373244,
215,12/27/2015 12:00:00 AM,SUN,8:00:00 PM,12,1512270269,168XX STEEL,DETROIT,MI,-83.172019,42.414567,
216,09/09/2015 12:00:00 AM,WED,2:00:00 AM,6,1509090042,116XX STOUT,DETROIT,MI,-83.240034,42.372398,
217,05/01/2015 12:00:00 AM,FRI,8:00:00 PM,8,1505010360,173XX KENTFIELD,DETROIT,MI,-83.241212,42.417688,
218,06/29/2015 12:00:00 AM,MON,2:00:00 AM,9,1506290321,130XX ALMA,DETROIT,MI,-82.98537,42.421227,
219,02/08/2015 12:00:00 AM,SUN,8:00:00 PM,12,1502080204,175XX MEYERS,DETROIT,MI,-83.170332,42.420711,
220,11/21/2015 12:00:00 AM,SAT,2:00:00 AM,2,1511210038,140XX W. MCNICHOLS,DETROIT,MI,-83.182278,42.416543,
221,02/08/2015 12:00:00 AM,SUN,8:00:00 PM,12,1502080204,175XX MEYERS,DETROIT,MI,-83.170332,42.420711,
222,01/19/2015 12:00:00 AM,MON,2:00:00 AM,8,1501190029,161XX HARLOW,DETROIT,MI,-83.215255,42.408721,
223,05/06/2015 12:00:00 AM,WED,8:00:00 PM,4,1505060328,26XX EDSEL,DETROIT,MI,-83.047997,42.331681,
224,09/19/2015 12:00:00 AM,SAT,2:00:00 AM,11,1509190036,184XX MT. ELLIOTT,DETROIT,MI,-83.038677,42.428554,
225,03/10/2015 12:00:00 AM,TUE,8:00:00 PM,11,1503100208,17XX E. 7 MILE,DETROIT,MI,-83.084916,42.432822,
226,08/20/2015 12:00:00 AM,THUR,8:00:00 PM,7,1508200381,80XX GRATIOT,DETROIT,MI,-83.01452,42.379086,
227,12/14/2015 12:00:00 AM,MON,2:00:00 AM,9,1512140047,196XX HOYT,DETROIT,MI,-82.980449,42.440328,
228,02/26/2015 12:00:00 AM,THUR,8:00:00 PM,7,1502260282,97XX HARPER,DETROIT,MI,-83.006323,42.393029,
229,12/14/2015 12:00:00 AM,MON,2:00:00 AM,9,1512140047,196XX HOYT,DETROIT,MI,-82.980449,42.440328,
230,05/22/2015 12:00:00 AM,FRI,2:00:00 AM,8,1505220342,199XX STOUT,DETROIT,MI,-83.24399,42.437825,
231,05/08/2015 12:00:00 AM,FRI,7:00:00 PM,9,1505080309, CRAFT AND DUCHESS,DETROIT,MI,-82.96164,42.417524,
232,11/23/2015 12:00:00 AM,MON,2:00:00 AM,8,1511230031,205XX BENTLER,DETROIT,MI,-83.253883,42.442004,
233,10/20/2015 12:00:00 AM,TUE,7:00:00 PM,12,1510200350, JOHN R AND  WINCHESTER,DETROIT,MI,-83.10276,42.444542,
234,06/25/2015 12:00:00 AM,THUR,7:00:00 PM,4,1506250317,11XX ETHEL,DETROIT,MI,-83.047997,42.331681,
235,01/04/2015 12:00:00 AM,SUN,2:00:00 AM,1,1501040023,2XX W. CONGRESS,DETROIT,MI,-83.048239,42.329125,
236,03/14/2015 12:00:00 AM,SAT,7:00:00 PM,11,1503140284,125XX JOS CAMPAU,DETROIT,MI,-83.065692,42.408438,
237,09/08/2015 12:00:00 AM,TUE,2:00:00 AM,10,1509170200,48XX CORTLAND,DETROIT,MI,-83.136498,42.379819,
238,03/05/2015 12:00:00 AM,THUR,7:00:00 PM,11,1503050266,134XX EUREKA,DETROIT,MI,-83.055403,42.416407,
239,03/26/2015 12:00:00 AM,THUR,2:00:00 AM,11,1503260033,18XX E. 8 MILE,DETROIT,MI,-83.084493,42.446982,
240,11/29/2015 12:00:00 AM,SUN,7:00:00 PM,6,1511290027,139XX BRAMELL,DETROIT,MI,-83.264785,42.386171,
241,11/19/2015 12:00:00 AM,THUR,7:00:00 PM,9,1511190324,149XX GLENWOOD,DETROIT,MI,-82.969019,42.430748,
242,03/07/2015 12:00:00 AM,SAT,2:00:00 AM,10,1503070024,84XX FENKELL,DETROIT,MI,-83.153503,42.4026,
243,01/11/2015 12:00:00 AM,SUN,7:00:00 PM,11,1501110198,15XX E. STATE FAIR,DETROIT,MI,-83.088539,42.439966,
244,08/27/2015 12:00:00 AM,THUR,2:00:00 AM,2,1508270025,89XX COYLE,DETROIT,MI,-83.192802,42.359792,
245,01/11/2015 12:00:00 AM,SUN,7:00:00 PM,11,1501110198,15XX E. STATE FAIR,DETROIT,MI,-83.088539,42.439966,
246,12/16/2015 12:00:00 AM,WED,7:00:00 PM,8,1512160368,191XX W. MCNICHOLS,DETROIT,MI,-83.229909,42.415371,
247,11/07/2015 12:00:00 AM,SAT,2:00:00 AM,2,1511070040,WYOMING AND I-96,DETROIT,MI,-83.15897,42.385444,
248,02/02/2015 12:00:00 AM,MON,7:00:00 PM,8,1502020194,191XX GRANDVILLE,DETROIT,MI,-83.232127,42.430466,
249,12/31/2015 12:00:00 AM,THUR,1:00:00 AM,4,1512310027, BURTON AND MICHIGAN,DETROIT,MI,-83.124468,42.331143,
250,03/20/2015 12:00:00 AM,FRI,7:00:00 PM,10,1503200288,34XX W. CHICAGO,DETROIT,MI,-83.118523,42.373782,
251,04/26/2015 12:00:00 AM,SUN,1:00:00 AM,11,1504260020, JOS CAMPAU AND  NEVADA,DETROIT,MI,-83.047997,42.331681,
252,08/29/2015 12:00:00 AM,SAT,7:00:00 PM,7,1508290291,37XX E. VERNOR,DETROIT,MI,-83.018041,42.354832,
253,05/02/2015 12:00:00 AM,SAT,7:00:00 PM,3,1505020261,4XX E. WARREN,DETROIT,MI,-83.059304,42.35888,
254,01/14/2015 12:00:00 AM,WED,1:00:00 AM,6,1501140015, RIVERVIEW AND FULLERTON,DETROIT,MI,-83.27344,42.378943,
255,12/21/2015 12:00:00 AM,MON,7:00:00 PM,6,1512210275,76XX VAUGHN,DETROIT,MI,-83.236708,42.346984,
256,01/05/2015 12:00:00 AM,MON,1:00:00 AM,9,1501050033,140XX LIBERAL,DETROIT,MI,-82.979072,42.439697,
257,07/14/2015 12:00:00 AM,TUE,6:00:00 PM,7,1507140314, E. ALEXANDRINE AND CHENE,DETROIT,MI,-83.03652,42.359264,
258,07/12/2015 12:00:00 AM,SUN,1:00:00 AM,6,1507120036,166XX W. WARREN,DETROIT,MI,-83.209326,42.343464,
259,03/14/2015 12:00:00 AM,SAT,6:00:00 PM,5,1503140271, E. WARREN AND BEWICK,DETROIT,MI,-82.994529,42.38319,
260,12/30/2014 12:00:00 AM,TUE,6:00:00 PM,11,1412300302, HAWTHORNE AND E. MARGARET,DETROIT,MI,-83.092371,42.42646,
261,08/13/2015 12:00:00 AM,THUR,1:00:00 AM,8,1508130020,234XX FENKELL,DETROIT,MI,-83.26912,42.400249,
262,11/14/2015 12:00:00 AM,SAT,6:00:00 PM,6,1511140464, PIERSON AND SAWYER,DETROIT,MI,-83.243677,42.346682,
263,08/19/2015 12:00:00 AM,WED,1:00:00 AM,4,1508190029,25XX CENTRAL,DETROIT,MI,-83.126183,42.315185,
264,12/21/2015 12:00:00 AM,MON,6:00:00 PM,10,1512210257,116XX YELLOWSTONE,DETROIT,MI,-83.133847,42.375296,
265,12/07/2015 12:00:00 AM,MON,1:00:00 AM,4,1512070012,58XX LUMLEY,DETROIT,MI,-83.144941,42.336373,
266,11/09/2015 12:00:00 AM,MON,6:00:00 PM,2,1511090340,120XX APPOLINE,DETROIT,MI,-83.169483,42.375968,
267,05/14/2015 12:00:00 AM,THUR,1:00:00 AM,7,1505140028,7XX E. GRAND BLVD,DETROIT,MI,-83.01198,42.362664,
268,08/23/2015 12:00:00 AM,SUN,6:00:00 PM,8,1508230255,185XX PIERSON,DETROIT,MI,-83.247184,42.42599,
269,08/17/2015 12:00:00 AM,MON,6:00:00 PM,10,1508170365,40XX W. DAVISON,DETROIT,MI,-83.133552,42.388766,
270,05/02/2015 12:00:00 AM,SAT,1:00:00 AM,11,1505020029,75XX PALMETTO,DETROIT,MI,-83.025823,42.40814,
271,02/07/2015 12:00:00 AM,SAT,1:00:00 AM,8,1502070015,248XX W. 8 MILE,DETROIT,MI,-83.286701,42.442523,
272,06/18/2015 12:00:00 AM,THUR,6:00:00 PM,7,1506180366,6XX ST. AUBIN,DETROIT,MI,-83.029124,42.338203,
273,09/07/2015 12:00:00 AM,MON,1:00:00 AM,4,1509070025,81XX MICHIGAN,DETROIT,MI,-83.14245,42.330795,
274,06/27/2015 12:00:00 AM,SAT,6:00:00 PM,4,1506270247,65XX EDSEL FORD,DETROIT,MI,-83.128791,42.336356,
275,02/14/2015 12:00:00 AM,SAT,1:00:00 AM,3,1502140009,82XX OAKLAND,DETROIT,MI,-83.068389,42.379581,
276,08/23/2015 12:00:00 AM,SUN,5:00:00 PM,9,1508230240, PROMENADE AND DICKERSON,DETROIT,MI,-82.97872,42.411213,
277,08/20/2015 12:00:00 AM,THUR,1:00:00 AM,2,1508200019,88XX LAUDER,DETROIT,MI,-83.189369,42.359092,
278,09/02/2015 12:00:00 AM,WED,5:00:00 PM,7,1509020287, ST. CYRIL AND MARJORIE,DETROIT,MI,-83.025227,42.399491,
279,06/01/1979 12:00:00 AM,FRI,12:00:00 AM,7,1409290096, GRATIOT AND ELMWOOD,DETROIT,MI,-83.047997,42.331681,
280,08/06/2015 12:00:00 AM,THUR,5:00:00 PM,9,1508060257,106XX MEUSE,DETROIT,MI,-82.941294,42.421577,
281,03/28/2015 12:00:00 AM,SAT,5:00:00 PM,2,1503280261,121XX STRATHMOOR,DETROIT,MI,-83.186704,42.376822,
282,01/19/2015 12:00:00 AM,MON,12:00:00 AM,2,1501190010,104XX PLYMOUTH,DETROIT,MI,-83.164145,42.37339,
283,03/01/2015 12:00:00 AM,SUN,12:00:00 AM,9,1503010007,142XX MAIDEN,DETROIT,MI,-82.969124,42.407861,
284,10/28/2015 12:00:00 AM,WED,5:00:00 PM,6,1510280283,164XX PLYMOUTH,DETROIT,MI,-83.207787,42.372427,
285,08/10/2015 12:00:00 AM,MON,12:00:00 AM,9,1508100001,152XX HAZELRIDGE,DETROIT,MI,-82.964111,42.424819,
286,02/02/2015 12:00:00 AM,MON,5:00:00 PM,8,1502020176,182XX FENTON,DETROIT,MI,-83.282638,42.422171,
287,05/15/2015 12:00:00 AM,FRI,12:00:00 AM,12,1505150006,186XX HUBBELL,DETROIT,MI,-83.189772,42.427451,
288,03/15/2015 12:00:00 AM,SUN,5:00:00 PM,12,1503160300,186XX ROBSON,DETROIT,MI,-83.193621,42.427417,
289,09/03/2015 12:00:00 AM,THUR,12:00:00 AM,3,1509030007,42XX 18TH,DETROIT,MI,-83.088271,42.342461,
290,09/02/2015 12:00:00 AM,WED,5:00:00 PM,11,1509020296,201XX MARX,DETROIT,MI,-83.084479,42.443072,
291,07/19/2015 12:00:00 AM,SUN,12:00:00 AM,8,1507190010,194XX HEYDEN,DETROIT,MI,-83.241124,42.433211,
292,04/12/2015 12:00:00 AM,SUN,5:00:00 PM,4,1504120238,33XX S. EDSEL,DETROIT,MI,-83.163954,42.264207,
293,05/09/2015 12:00:00 AM,SAT,12:00:00 AM,12,1505090013,198XX CRANBROOK,DETROIT,MI,-83.160158,42.437225,
294,06/29/2015 12:00:00 AM,MON,12:00:00 AM,4,1506290021,23XX LAWNDALE,DETROIT,MI,-83.132829,42.309425,
295,12/16/2015 12:00:00 AM,WED,12:00:00 AM,6,1512160007,89XX ST. MARYS,DETROIT,MI,-83.204314,42.359146,
